Date_Time,Model_Name,Train_AUC,Validation_AUC,Accuracy,Precision,Recall,F1_Score,Log_Loss,MCC,Balanced_Accuracy,Confusion_Matrix_TP,Confusion_Matrix_FP,Confusion_Matrix_FN,Confusion_Matrix_TN,Model_Filename,Learning_Rate,N_Estimators,Max_Depth,Min_Child_Weight,Gamma,Subsample,Colsample_Bytree,Reg_Lambda,Reg_Alpha,random_state,scale_pos_weight,kaggle_score
20230627_125825,XGBoost,0.999821481,0.980172009,0.987729588,0.951388889,0.74863388,0.837920489,0.041890278,0.838094733,0.87347078,411,21,138,12388,Models\XGBoost_model-20230627_125825.pickle,0.008,1500,14.0,5.0,0.1,0.8,0.8,1.0,1.0,,,
20230627_130048,XGBoost,0.999821481,0.980172009,0.987729588,0.951388889,0.74863388,0.837920489,0.041890278,0.838094733,0.87347078,411,21,138,12388,Models\XGBoost_model-20230627_130048.pickle,0.008,1500,14.0,5.0,0.1,0.8,0.8,1.0,1.0,,,
20230627_130313,XGBoost,0.999821481,0.980172009,0.987729588,0.951388889,0.74863388,0.837920489,0.041890278,0.838094733,0.87347078,411,21,138,12388,Models\XGBoost_model-20230627_130313.pickle,0.008,1500,14.0,5.0,0.1,0.8,0.8,1.0,1.0,,,
20230627_130543,XGBoost,0.999821481,0.980172009,0.987729588,0.951388889,0.74863388,0.837920489,0.041890278,0.838094733,0.87347078,411,21,138,12388,Models\XGBoost_model-20230627_130543.pickle,0.008,1500,14.0,5.0,0.1,0.8,0.8,1.0,1.0,,,0.96505
20230627_130830,XGBoost,0.999821481,0.980172009,0.987729588,0.951388889,0.74863388,0.837920489,0.041890278,0.838094733,0.87347078,411,21,138,12388,Models\XGBoost_model-20230627_130830.pickle,0.008,1500,14.0,5.0,0.1,0.8,0.8,1.0,1.0,,,
20230627_131109,XGBoost,0.999821481,0.980172009,0.987729588,0.951388889,0.74863388,0.837920489,0.041890278,0.838094733,0.87347078,411,21,138,12388,Models\XGBoost_model-20230627_131109.pickle,0.008,1500,14.0,5.0,0.1,0.8,0.8,1.0,1.0,,,
20230627_131348,XGBoost,0.999821481,0.980172009,0.987729588,0.951388889,0.74863388,0.837920489,0.041890278,0.838094733,0.87347078,411,21,138,12388,Models\XGBoost_model-20230627_131348.pickle,0.008,1500,14.0,5.0,0.1,0.8,0.8,1.0,1.0,,,
20230627_131615,XGBoost,0.999821481,0.980172009,0.987729588,0.951388889,0.74863388,0.837920489,0.041890278,0.838094733,0.87347078,411,21,138,12388,Models\XGBoost_model-20230627_131615.pickle,0.008,1500,14.0,5.0,0.1,0.8,0.8,1.0,1.0,,,
20230627_131853,XGBoost,0.999821481,0.980172009,0.987729588,0.951388889,0.74863388,0.837920489,0.041890278,0.838094733,0.87347078,411,21,138,12388,Models\XGBoost_model-20230627_131853.pickle,0.008,1500,14.0,5.0,0.1,0.8,0.8,1.0,1.0,,,
20230627_132302,XGBoost,0.999999638,0.971285723,0.98618614,0.957244656,0.714539007,0.818274112,0.05276829,0.820634495,0.856543346,403,18,161,12376,Models\XGBoost_model-20230627_132302.pickle,,100,,,,,,,,,,
20230627_132309,XGBoost,0.999999638,0.971285723,0.98618614,0.957244656,0.714539007,0.818274112,0.05276829,0.820634495,0.856543346,403,18,161,12376,Models\XGBoost_model-20230627_132309.pickle,,100,,,,,,,,,,
20230627_132317,XGBoost,0.999999638,0.971285723,0.98618614,0.957244656,0.714539007,0.818274112,0.05276829,0.820634495,0.856543346,403,18,161,12376,Models\XGBoost_model-20230627_132317.pickle,,100,,,,,,,,,,
20230627_132324,XGBoost,0.999999638,0.971285723,0.98618614,0.957244656,0.714539007,0.818274112,0.05276829,0.820634495,0.856543346,403,18,161,12376,Models\XGBoost_model-20230627_132324.pickle,,100,,,,,,,,,,
20230627_132332,XGBoost,0.999999638,0.971285723,0.98618614,0.957244656,0.714539007,0.818274112,0.05276829,0.820634495,0.856543346,403,18,161,12376,Models\XGBoost_model-20230627_132332.pickle,,100,,,,,,,,,,
20230627_132340,XGBoost,0.999999638,0.971285723,0.98618614,0.957244656,0.714539007,0.818274112,0.05276829,0.820634495,0.856543346,403,18,161,12376,Models\XGBoost_model-20230627_132340.pickle,,100,,,,,,,,,,
20230627_132547,XGBoost,0.999999119,0.965873138,0.98618614,0.928571429,0.731397459,0.818274112,0.052684763,0.817447882,0.864449435,403,31,148,12376,Models\XGBoost_model-20230627_132547.pickle,,100,,,,,,,,,,
20230627_132554,XGBoost,0.999999119,0.965873138,0.98618614,0.928571429,0.731397459,0.818274112,0.052684763,0.817447882,0.864449435,403,31,148,12376,Models\XGBoost_model-20230627_132554.pickle,,100,,,,,,,,,,
20230627_132601,XGBoost,0.999999119,0.965873138,0.98618614,0.928571429,0.731397459,0.818274112,0.052684763,0.817447882,0.864449435,403,31,148,12376,Models\XGBoost_model-20230627_132601.pickle,,100,,,,,,,,,,
20230627_132608,XGBoost,0.999999119,0.965873138,0.98618614,0.928571429,0.731397459,0.818274112,0.052684763,0.817447882,0.864449435,403,31,148,12376,Models\XGBoost_model-20230627_132608.pickle,,100,,,,,,,,,,
20230627_132616,XGBoost,0.999999119,0.965873138,0.98618614,0.928571429,0.731397459,0.818274112,0.052684763,0.817447882,0.864449435,403,31,148,12376,Models\XGBoost_model-20230627_132616.pickle,,100,,,,,,,,,,
20230627_132623,XGBoost,0.999999119,0.965873138,0.98618614,0.928571429,0.731397459,0.818274112,0.052684763,0.817447882,0.864449435,403,31,148,12376,Models\XGBoost_model-20230627_132623.pickle,,100,,,,,,,,,,
20230627_132630,XGBoost,0.999999119,0.965873138,0.98618614,0.928571429,0.731397459,0.818274112,0.052684763,0.817447882,0.864449435,403,31,148,12376,Models\XGBoost_model-20230627_132630.pickle,,100,,,,,,,,,,
20230627_132638,XGBoost,0.999999119,0.965873138,0.98618614,0.928571429,0.731397459,0.818274112,0.052684763,0.817447882,0.864449435,403,31,148,12376,Models\XGBoost_model-20230627_132638.pickle,,100,,,,,,,,,,
20230627_132646,XGBoost,0.999999119,0.965873138,0.98618614,0.928571429,0.731397459,0.818274112,0.052684763,0.817447882,0.864449435,403,31,148,12376,Models\XGBoost_model-20230627_132646.pickle,,100,,,,,,,,,,
20230627_132653,XGBoost,0.999999119,0.965873138,0.98618614,0.928571429,0.731397459,0.818274112,0.052684763,0.817447882,0.864449435,403,31,148,12376,Models\XGBoost_model-20230627_132653.pickle,,100,,,,,,,,,,0.95519
20230627_133050,XGBoost,0.999847247,0.974388499,0.987652415,0.951724138,0.748643761,0.83805668,0.043899549,0.838212597,0.873475448,414,21,139,12384,Models\XGBoost_model-20230627_133050.pickle,0.008,1500,14.0,5.0,0.1,0.8,0.8,1.0,1.0,,,0.96682
20230627_134227,XGBoost,0.999877349,0.975368657,0.987343726,0.943005181,0.719367589,0.816143498,0.043344786,0.817677209,0.858800402,364,22,142,12430,Models\XGBoost_model-20230627_134227.pickle,0.008,1500,14.0,5.0,0.1,0.8,0.8,1.0,1.0,,,
20230627_135256,XGBoost,0.999876086,0.97549277,0.987420898,0.943152455,0.721343874,0.817469205,0.043196939,0.81890165,0.859788545,365,22,141,12430,Models\XGBoost_model-20230627_135256.pickle,0.008,1500,14.0,5.0,0.1,0.8,0.8,1.0,1.0,,,
20230627_140318,XGBoost,0.999878011,0.9755334,0.987189381,0.940414508,0.717391304,0.813901345,0.042994586,0.815333804,0.857772106,363,23,143,12429,Models\XGBoost_model-20230627_140318.pickle,0.008,1500,14.0,5.0,0.1,0.8,0.8,1.0,1.0,,,
20230627_141728,XGBoost,0.999734007,0.976224153,0.986726347,0.952054795,0.73415493,0.829025845,0.045176274,0.829763874,0.866230007,417,21,151,12369,Models\XGBoost_model-20230627_141728.pickle,0.008,1500,11.0,5.0,0.1,0.8,0.8,1.0,1.0,,,
20230627_142716,XGBoost,0.999733952,0.976512465,0.986726347,0.952054795,0.73415493,0.829025845,0.045125108,0.829763874,0.866230007,417,21,151,12369,Models\XGBoost_model-20230627_142716.pickle,0.008,1500,11.0,5.0,0.1,0.8,0.8,1.0,1.0,,,
20230627_143717,XGBoost,0.999737549,0.97574657,0.986649174,0.954022989,0.730633803,0.827517448,0.045427099,0.828610068,0.864509799,415,20,153,12370,Models\XGBoost_model-20230627_143717.pickle,0.008,1500,11.0,5.0,0.1,0.8,0.8,1.0,1.0,,,
20230627_150359,XGBoost,0.999733598,0.974638118,0.986726347,0.949074074,0.732142857,0.826612903,0.045156722,0.827301313,0.865184189,410,22,150,12376,Models\XGBoost_model-20230627_150359.pickle,0.008,1500,11.0,5.0,0.1,0.8,0.8,1.0,1.0,,,
20230627_151254,XGBoost,0.999737102,0.975128693,0.986957864,0.949425287,0.7375,0.830150754,0.045090036,0.830590255,0.86786276,413,22,147,12376,Models\XGBoost_model-20230627_151254.pickle,0.008,1500,11.0,5.0,0.1,0.8,0.8,1.0,1.0,,,
20230627_152251,XGBoost,0.999734745,0.974391679,0.986726347,0.947004608,0.733928571,0.826961771,0.045504369,0.827385836,0.866036717,411,23,149,12375,Models\XGBoost_model-20230627_152251.pickle,0.008,1500,11.0,5.0,0.1,0.8,0.8,1.0,1.0,,,
20230627_153144,XGBoost,0.999737707,0.975319752,0.986957864,0.949425287,0.7375,0.830150754,0.044968087,0.830590255,0.86786276,413,22,147,12376,Models\XGBoost_model-20230627_153144.pickle,0.008,1500,11.0,5.0,0.1,0.8,0.8,1.0,1.0,,,
20230627_155630,XGBoost,0.999738005,0.974460887,0.986803519,0.949191686,0.733928571,0.827794562,0.045178365,0.828398889,0.866077046,411,22,149,12376,Models\XGBoost_model-20230627_155630.pickle,0.008,1500,11.0,5.0,0.1,0.8,0.8,1.0,1.0,,,
20230627_161943,XGBoost,0.999732452,0.974550331,0.986880691,0.947247706,0.7375,0.829317269,0.045126897,0.829579366,0.867822431,413,23,147,12375,Models\XGBoost_model-20230627_161943.pickle,0.008,1500,11.0,5.0,0.1,0.8,0.8,1.0,1.0,,,
20230627_205503,XGBoost,0.999691576,0.977787172,0.987112209,0.953810624,0.7375,0.831822759,0.044818546,0.832622319,0.867943418,413,20,147,12378,Models\XGBoost_model-20230627_205503.pickle,0.008,1500,11.0,5.0,0.1,0.8,0.8,1.0,1.0,,,
20230627_205859,XGBoost,0.999691106,0.977776658,0.986803519,0.949191686,0.733928571,0.827794562,0.045138622,0.828398889,0.866077046,411,22,149,12376,Models\XGBoost_model-20230627_205859.pickle,0.008,1500,11.0,5.0,0.1,0.8,0.8,1.0,1.0,,,
20230627_210252,XGBoost,0.999700732,0.97775318,0.987266553,0.956120092,0.739285714,0.833836858,0.044700527,0.834734035,0.868876605,414,19,146,12379,Models\XGBoost_model-20230627_210252.pickle,0.008,1500,11.0,5.0,0.1,0.8,0.8,1.0,1.0,,,0.95799
20230627_210651,XGBoost,0.999712533,0.978058961,0.987112209,0.953810624,0.7375,0.831822759,0.044544364,0.832622319,0.867943418,413,20,147,12378,Models\XGBoost_model-20230627_210651.pickle,0.008,1500,11.0,5.0,0.1,0.8,0.8,1.0,1.0,,,
20230627_211030,XGBoost,0.999706059,0.977444375,0.987035036,0.951612903,0.7375,0.830985915,0.044791459,0.831604567,0.867903089,413,21,147,12377,Models\XGBoost_model-20230627_211030.pickle,0.008,1500,11.0,5.0,0.1,0.8,0.8,1.0,1.0,,,
20230627_211359,XGBoost,0.999715684,0.978177716,0.987420898,0.960556845,0.739285714,0.835519677,0.044482464,0.836784669,0.868957263,414,17,146,12381,Models\XGBoost_model-20230627_211359.pickle,0.008,1500,11.0,5.0,0.1,0.8,0.8,1.0,1.0,,,
20230627_232117,XGBoost,0.998874002,0.970398382,0.98587745,0.922907489,0.738977072,0.820763957,0.050346594,0.818955032,0.868076221,419,35,148,12356,Models\XGBoost_model-20230627_232117.pickle,0.008,1500,11.0,5.0,0.1,0.8,0.8,1.0,1.0,,,
20230627_232838,XGBoost,0.998874002,0.970398382,0.98587745,0.922907489,0.738977072,0.820763957,0.050346594,0.818955032,0.868076221,419,35,148,12356,Models\XGBoost_model-20230627_232838.pickle,0.008,1500,11.0,5.0,0.1,0.8,0.8,1.0,1.0,,,0.9618
20230628_122650,XGBoost,0.999775467,0.97396302,0.979086279,0.732248521,0.846153846,0.785091197,0.077605729,0.77639543,0.91576261,495,181,90,12192,Models\XGBoost_model-20230628_122650.pickle,0.008,1300,10.0,5.0,0.1,0.8,0.8,1.0,1.0,,22.47373188,
20230628_123243,XGBoost,0.999771223,0.974255219,0.978391727,0.720694645,0.851282051,0.780564263,0.077290839,0.772234317,0.917841785,498,193,87,12180,Models\XGBoost_model-20230628_123243.pickle,0.008,1300,10.0,5.0,0.1,0.8,0.8,1.0,1.0,,22.47373188,0.95076
20230628_132757,XGBoost,0.999635136,0.966592286,0.973684211,0.66437414,0.832758621,0.739097169,0.096841827,0.730560667,0.906523114,483,244,97,12134,Models\XGBoost_model-20230628_132757.pickle,0.008,1300,10.0,5.0,0.1,0.8,0.8,1.0,1.0,,22.42069589,
20230628_134846,XGBoost,0.999656529,0.966733944,0.9739929,0.668049793,0.832758621,0.741366078,0.096305501,0.732750157,0.906684691,483,240,97,12138,Models\XGBoost_model-20230628_134846.pickle,0.008,1300,10.0,5.0,0.1,0.8,0.8,1.0,1.0,,22.42069589,
20230628_141135,XGBoost,0.999641556,0.967272441,0.974841797,0.676880223,0.837931034,0.748844376,0.09645716,0.740406021,0.909594052,486,232,94,12146,Models\XGBoost_model-20230628_141135.pickle,0.008,1300,10.0,5.0,0.1,0.8,0.8,1.0,1.0,,22.42069589,
20230628_143743,XGBoost,0.999640846,0.966568745,0.973221176,0.65893588,0.832758621,0.735719726,0.097167933,0.727309155,0.906280748,483,250,97,12128,Models\XGBoost_model-20230628_143743.pickle,0.008,1300,10.0,5.0,0.1,0.8,0.8,1.0,1.0,,22.42069589,
20230628_155549,XGBoost,0.999863437,0.964816394,0.977774348,0.725085911,0.767272727,0.745583039,0.074024968,0.734293199,0.87718891,422,160,128,12248,Models\XGBoost_model-20230628_155549.pickle,0.006,1800,12.0,6.0,0.15,0.9,0.9,1.1,1.1,,22.10744539,
20230628_161923,XGBoost,0.999872671,0.965202362,0.977928693,0.726027397,0.770909091,0.747795414,0.073788643,0.736627775,0.879007092,424,160,126,12248,Models\XGBoost_model-20230628_161923.pickle,0.006,1800,12.0,6.0,0.15,0.9,0.9,1.1,1.1,,22.10744539,
20230628_164110,XGBoost,0.99986707,0.96486519,0.978237382,0.731034483,0.770909091,0.750442478,0.073777691,0.73935837,0.879168279,424,156,126,12252,Models\XGBoost_model-20230628_164110.pickle,0.006,1800,12.0,6.0,0.15,0.9,0.9,1.1,1.1,,22.10744539,
20230628_170616,XGBoost,0.999871214,0.9651754,0.977620003,0.724913495,0.761818182,0.742907801,0.073545323,0.731462484,0.874501934,419,159,131,12249,Models\XGBoost_model-20230628_170616.pickle,0.006,1800,12.0,6.0,0.15,0.9,0.9,1.1,1.1,,22.10744539,
20230628_173016,XGBoost,0.999866305,0.96456553,0.977697175,0.724612737,0.765454545,0.744473917,0.073906088,0.733123934,0.876279819,421,160,129,12248,Models\XGBoost_model-20230628_173016.pickle,0.006,1800,12.0,6.0,0.15,0.9,0.9,1.1,1.1,,22.10744539,
20230628_175613,XGBoost,0.999932208,0.971198423,0.984719864,0.840909091,0.818027211,0.829310345,0.059288552,0.821399509,0.905335352,481,91,107,12279,Models\XGBoost_model-20230628_175613.pickle,0.005,2000,14.0,6.0,0.15,0.9,0.6,1.1,1.1,,22.50566893,
20230628_181044,XGBoost,0.999941219,0.971286,0.984642692,0.839441536,0.818027211,0.828596038,0.058904114,0.820633732,0.905294931,481,92,107,12278,Models\XGBoost_model-20230628_181044.pickle,0.005,2000,14.0,6.0,0.15,0.9,0.6,1.1,1.1,,22.50566893,0.95352
20230628_184644,XGBoost,0.999770332,0.966826051,0.978623244,0.711507293,0.81598513,0.76017316,0.084593529,0.750966943,0.900826704,439,178,99,12242,Models\XGBoost_model-20230628_184644.pickle,0.005,2200,10.0,6.0,0.2,0.9,0.6,1.1,1.1,,21.98447894,
20230628_190442,XGBoost,0.999764133,0.966829493,0.978391727,0.708064516,0.81598513,0.7582038,0.084586665,0.749013204,0.900705931,439,181,99,12239,Models\XGBoost_model-20230628_190442.pickle,0.005,2200,10.0,6.0,0.2,0.9,0.6,1.1,1.1,,21.98447894,
20230628_235349,XGBoost,0.9999953007518796,0.9848764534512932,0.9881154499151104,0.9147609147609148,0.7956600361663653,0.851063829787234,0.0407481280852694,0.8471358902020082,0.8961774586313487,440,41,113,12364,Models\XGBoost_model-20230628_235349.pickle,0.005,2200,11.0,4.0,0.2,0.9,0.4,0.9,0.9,,22.138392857142858,
20230628_235643,XGBoost,0.9999963270244576,0.9850292239100344,0.9881154499151104,0.9130434782608696,0.7974683544303798,0.8513513513513514,0.0410206521786469,0.8472914027852173,0.8970413114352624,441,42,112,12363,Models\XGBoost_model-20230628_235643.pickle,0.005,2200,11.0,4.0,0.2,0.9,0.4,0.9,0.9,,22.138392857142858,
20230628_235932,XGBoost,0.9999967861464004,0.9847835958346726,0.9885013119308536,0.9190871369294604,0.8010849909584087,0.8560386473429951,0.0408215543938998,0.8522570087788199,0.8989705486835574,443,39,110,12366,Models\XGBoost_model-20230628_235932.pickle,0.005,2200,11.0,4.0,0.2,0.9,0.4,0.9,0.9,,22.138392857142858,
20230629_000503,XGBoost,0.9999970306179572,0.9823994692860712,0.9872665534804754,0.9070247933884298,0.7853309481216458,0.8418024928092043,0.0426368248093459,0.8375576255504801,0.8908508115880429,439,45,120,12354,Models\XGBoost_model-20230629_000503.pickle,0.008,1500,11.0,4.0,0.2,0.9,0.4,0.9,0.9,,22.20053715308863,
20230629_000706,XGBoost,0.9999972652803676,0.9825558671489608,0.987343725883624,0.9106029106029108,0.7835420393559929,0.8423076923076923,0.0432929662371793,0.8383153552707413,0.8900370088706733,438,43,121,12356,Models\XGBoost_model-20230629_000706.pickle,0.008,1500,11.0,4.0,0.2,0.9,0.4,0.9,0.9,,22.20053715308863,
20230629_000906,XGBoost,0.9999964710383624,0.9816096889341732,0.9869578638678808,0.8995901639344263,0.7853309481216458,0.8385864374403057,0.0435481300601007,0.8339074245495264,0.8906895082571291,439,49,120,12350,Models\XGBoost_model-20230629_000906.pickle,0.008,1500,11.0,4.0,0.2,0.9,0.4,0.9,0.9,,22.20053715308863,
20230629_001115,XGBoost,0.9999964710383624,0.9819334498237712,0.9871893810773268,0.9051546391752576,0.7853309481216458,0.8409961685823756,0.0427884484365325,0.8366409291542892,0.8908104857553144,439,46,120,12353,Models\XGBoost_model-20230629_001115.pickle,0.008,1500,11.0,4.0,0.2,0.9,0.4,0.9,0.9,,22.20053715308863,
20230629_073422,XGBoost,0.9999763710133118,0.9777123826701845,0.9863404846426918,0.8660550458715597,0.8194444444444444,0.8421052631578948,0.0511866789071603,0.8353214158208564,0.9067743947307024,472,73,104,12309,Models\XGBoost_model-20230629_073422.pickle,0.008,1500,9.0,4.0,0.1,0.6,0.8,0.5,0.5,,22.378439332431213,
20230629_073626,XGBoost,0.9999740253886236,0.9770036085087672,0.9861089674332458,0.86,0.8211805555555556,0.8401420959147424,0.0512703153267313,0.8331279104858882,0.907480925492202,473,77,103,12305,Models\XGBoost_model-20230629_073626.pickle,0.008,1500,9.0,4.0,0.1,0.6,0.8,0.5,0.5,,22.378439332431213,
20230629_073829,XGBoost,0.9999720343351086,0.9780089320967712,0.9860317950300972,0.8623853211009175,0.8159722222222222,0.8385370205173952,0.0515648542580597,0.8315904205299879,0.9049575212225632,470,75,106,12307,Models\XGBoost_model-20230629_073829.pickle,0.008,1500,9.0,4.0,0.1,0.6,0.8,0.5,0.5,,22.378439332431213,
20230629_074029,XGBoost,0.999976080083118,0.9766457862219352,0.9862633122395432,0.8618181818181818,0.8229166666666666,0.8419182948490231,0.0511536459714582,0.8349852833526361,0.9083893622462714,474,76,102,12306,Models\XGBoost_model-20230629_074029.pickle,0.008,1500,9.0,4.0,0.1,0.6,0.8,0.5,0.5,,22.378439332431213,
20230629_074246,XGBoost,0.9999722707158912,0.977494212028213,0.9854144158049082,0.8449197860962567,0.8229166666666666,0.8337730870712401,0.0515497745289856,0.8262257015195817,0.9079451690626176,474,87,102,12295,Models\XGBoost_model-20230629_074246.pickle,0.008,1500,9.0,4.0,0.1,0.6,0.8,0.5,0.5,,22.378439332431213,
20230629_074644,XGBoost,0.9999392224356328,0.97327226891314,0.9858774502238,0.8671875,0.7942754919499105,0.8291316526610645,0.0539003578800782,0.8226429879959419,0.8943955893494209,444,68,115,12331,Models\XGBoost_model-20230629_074644.pickle,0.005,1800,10.0,4.0,0.1,0.6,0.8,0.5,0.5,,22.20053715308863,
20230629_092010,XGBoost,0.9993685121452038,0.9706076516711228,0.9817867506328332,0.7710344827586207,0.8125,0.7912243453644727,0.1032018816563275,0.7820023567253006,0.900898268747179,559,166,129,15343,Models\XGBoost_model-20230629_092010.pickle,0.002,1800,10.0,4.0,0.1,0.8,0.8,0.5,0.5,,22.083610451306413,
20230629_092308,XGBoost,0.9993590285349366,0.9699809056856707,0.981971970117923,0.775766016713092,0.809593023255814,0.7923186344238976,0.103616003290133,0.7830949369675491,0.8996059770995686,557,161,131,15348,Models\XGBoost_model-20230629_092308.pickle,0.002,1800,10.0,4.0,0.1,0.8,0.8,0.5,0.5,,22.083610451306413,
20230629_092552,XGBoost,0.9993526414051768,0.970021532883382,0.9819102302895598,0.7731673582295989,0.8125,0.7923458540042523,0.1035995176084721,0.7831585488956876,0.900962747436972,559,164,129,15345,Models\XGBoost_model-20230629_092552.pickle,0.002,1800,10.0,4.0,0.1,0.8,0.8,0.5,0.5,,22.083610451306413,
20230629_092839,XGBoost,0.9993516399032304,0.9697172740659212,0.98172501080447,0.7729805013927576,0.8066860465116279,0.7894736842105264,0.1037349301655261,0.7801202259052311,0.8980880100376825,555,163,133,15346,Models\XGBoost_model-20230629_092839.pickle,0.002,1800,10.0,4.0,0.1,0.8,0.8,0.5,0.5,,22.083610451306413,
20230629_093146,XGBoost,0.999361654922694,0.9698469343382012,0.98172501080447,0.7729805013927576,0.8066860465116279,0.7894736842105264,0.1035524547953286,0.7801202259052311,0.8980880100376825,555,163,133,15346,Models\XGBoost_model-20230629_093146.pickle,0.002,1800,10.0,4.0,0.1,0.8,0.8,0.5,0.5,,22.083610451306413,
20230629_093712,XGBoost,1.0,0.9785135668757754,0.9866024572451688,0.9137134052388288,0.786472148541114,0.8453314326443334,0.0458668381812252,0.8409461396242636,0.8914229550579688,593,56,161,15387,Models\XGBoost_model-20230629_093712.pickle,0.009,1800,10.0,4.0,0.1,0.8,0.8,0.8,0.8,,22.83079941147621,
20230629_093955,XGBoost,1.0,0.9780402338642096,0.9864789775884424,0.9121725731895224,0.7851458885941645,0.8439059158945117,0.0460288419499542,0.8394518889545514,0.8907274479556978,592,57,162,15386,Models\XGBoost_model-20230629_093955.pickle,0.009,1800,10.0,4.0,0.1,0.8,0.8,0.8,0.8,,22.83079941147621,
20230629_094250,XGBoost,1.0,0.9787400779558816,0.9867876767302588,0.9153846153846154,0.7891246684350133,0.8475783475783476,0.0454329215410846,0.8432428218588344,0.8927815921337146,595,55,159,15388,Models\XGBoost_model-20230629_094250.pickle,0.009,1800,10.0,4.0,0.1,0.8,0.8,0.8,0.8,,22.83079941147621,
20230629_094545,XGBoost,1.0,0.97870357854013,0.9869111563869852,0.9143730886850152,0.7931034482758621,0.8494318181818183,0.0456454184646841,0.8449573898428362,0.8947386049253427,598,56,156,15387,Models\XGBoost_model-20230629_094545.pickle,0.009,1800,10.0,4.0,0.1,0.8,0.8,0.8,0.8,,22.83079941147621,
20230629_094826,XGBoost,1.0,0.9786984256814356,0.9866024572451688,0.917573872472784,0.7824933687002652,0.8446671438797423,0.0456847598183005,0.8406140760807616,0.889530696523933,590,53,164,15390,Models\XGBoost_model-20230629_094826.pickle,0.009,1800,10.0,4.0,0.1,0.8,0.8,0.8,0.8,,22.83079941147621,
20230629_095415,XGBoost,0.9999474238791124,0.978938838378069,0.9867876767302588,0.8748159057437408,0.8215767634854771,0.8473609129814551,0.0504860991760782,0.8409155357242685,0.9080418391551724,594,85,129,15389,Models\XGBoost_model-20230629_095415.pickle,0.008,1200,10.0,5.0,0.1,0.8,0.8,0.8,0.8,,22.473913043478262,
20230629_095912,XGBoost,0.996650984895903,0.9702684179811906,0.9784527999012164,0.7244501940491591,0.8045977011494253,0.762423417290674,0.266974100567192,0.7523050804275402,0.8954283260924212,560,213,136,15288,Models\XGBoost_model-20230629_095912.pickle,0.001,1200,10.0,5.0,0.1,0.8,0.8,0.8,0.8,,22.17167381974249,
20230629_100456,XGBoost,0.9982439857854476,0.9720855094939204,0.9799345557819348,0.7592829705505761,0.8123287671232877,0.784910655195235,0.1756886779189564,0.774885372929277,0.9000869283343857,593,188,137,15279,Models\XGBoost_model-20230629_100456.pickle,0.001,2000,10.0,5.0,0.1,0.8,0.8,0.8,0.8,,22.553562772661174,
20230629_100751,XGBoost,0.998178831308287,0.9717411616955586,0.9797493362968452,0.7576923076923077,0.8095890410958904,0.7827814569536423,0.1760600261632098,0.7726393847323936,0.8986847384311805,591,189,139,15278,Models\XGBoost_model-20230629_100751.pickle,0.001,2000,10.0,5.0,0.1,0.8,0.8,0.8,0.8,,22.553562772661174,
20230629_101353,XGBoost,1.0,0.9806949093687896,0.9874208982867726,0.8993576017130621,0.7835820895522388,0.8374875373878364,0.0423901828408727,0.8331122053413696,0.8898992399137784,420,47,116,12375,Models\XGBoost_model-20230629_101353.pickle,0.01,2000,10.0,5.0,0.1,0.8,0.8,0.8,0.8,,21.964111652636245,
20230629_101718,XGBoost,1.0,0.9803865674044844,0.9874208982867726,0.8993576017130621,0.7835820895522388,0.8374875373878364,0.0423287641314427,0.8331122053413696,0.8898992399137784,420,47,116,12375,Models\XGBoost_model-20230629_101718.pickle,0.01,2000,10.0,5.0,0.1,0.8,0.8,0.8,0.8,,21.964111652636245,
20230629_102058,XGBoost,1.0,0.9806680251936264,0.9876524154962184,0.9051724137931034,0.7835820895522388,0.8400000000000001,0.04234413495964,0.8359595865702283,0.89001999341563,420,44,116,12378,Models\XGBoost_model-20230629_102058.pickle,0.01,2000,10.0,5.0,0.1,0.8,0.8,0.8,0.8,,21.964111652636245,
20230629_102437,XGBoost,1.0,0.9806415915912308,0.9872665534804754,0.8989247311827957,0.7798507462686567,0.8351648351648351,0.0422167616488665,0.8308403958815223,0.8880335682719873,418,47,118,12375,Models\XGBoost_model-20230629_102437.pickle,0.01,2000,10.0,5.0,0.1,0.8,0.8,0.8,0.8,,21.964111652636245,
20230629_103746,XGBoost,0.9999966036938172,0.97999704724646,0.98757524309307,0.8980891719745223,0.789179104477612,0.8401191658391262,0.0431949783748271,0.8355694183278553,0.8926574962091811,423,48,113,12374,Models\XGBoost_model-20230629_103746.pickle,0.008,2000,10.0,5.0,0.1,0.8,0.8,0.8,0.8,,21.964111652636245,
20230629_104712,XGBoost,0.999996621569113,0.9804573073290768,0.987343725883624,0.8924050632911392,0.789179104477612,0.8376237623762376,0.0431893919317709,0.8327649087506439,0.8925367427073296,423,51,113,12371,Models\XGBoost_model-20230629_104712.pickle,0.008,2000,10.0,5.0,0.1,0.8,0.8,0.8,0.8,,21.964111652636245,
20230629_105633,XGBoost,0.9999968539479572,0.980350221201191,0.987343725883624,0.8957446808510638,0.7854477611940298,0.8369781312127236,0.0429938193824167,0.8323644328031985,0.8907515734001061,421,49,115,12373,Models\XGBoost_model-20230629_105633.pickle,0.008,2000,10.0,5.0,0.1,0.8,0.8,0.8,0.8,,21.964111652636245,
20230629_110600,XGBoost,0.9999973276432932,0.9807094778882915,0.9874208982867726,0.8942917547568711,0.789179104477612,0.8384539147670962,0.0429413277551492,0.8336968380807249,0.8925769938746134,423,50,113,12372,Models\XGBoost_model-20230629_110600.pickle,0.008,2000,10.0,5.0,0.1,0.8,0.8,0.8,0.8,,21.964111652636245,
20230629_112400,XGBoost,0.9999919650545834,0.9788785003496444,0.9866491742552864,0.8805031446540881,0.7835820895522388,0.8292201382033565,0.0442957687836709,0.8238119469415073,0.8894967282409398,420,57,116,12365,Models\XGBoost_model-20230629_112400.pickle,0.008,2000,10.0,5.0,0.1,0.5,0.8,0.8,0.8,,21.964111652636245,
20230629_113152,XGBoost,0.9999926264405242,0.9795184638712732,0.986726346658435,0.8823529411764706,0.7835820895522388,0.8300395256916995,0.0446425754602147,0.8247290262161265,0.8895369794082237,420,56,116,12366,Models\XGBoost_model-20230629_113152.pickle,0.008,2000,10.0,5.0,0.1,0.5,0.8,0.8,0.8,,21.964111652636245,
20230629_113931,XGBoost,0.9999914109204168,0.9787811766317344,0.9868035190615836,0.8825995807127882,0.7854477611940298,0.8311944718657452,0.0446112172687183,0.8258700917939581,0.8904698152291193,421,56,115,12366,Models\XGBoost_model-20230629_113931.pickle,0.008,2000,10.0,5.0,0.1,0.5,0.8,0.8,0.8,,21.964111652636245,
20230629_114727,XGBoost,0.999992295747554,0.9791590569932498,0.9869578638678808,0.8814968814968815,0.7910447761194029,0.8338249754178958,0.0444774144154819,0.8283712940212349,0.893228071524522,424,57,112,12365,Models\XGBoost_model-20230629_114727.pickle,0.008,2000,10.0,5.0,0.1,0.5,0.8,0.8,0.8,,21.964111652636245,
20230629_115524,XGBoost,0.9999914198580646,0.9800028295969836,0.9871893810773268,0.890295358649789,0.7873134328358209,0.8356435643564356,0.0440662957799814,0.8307005091448169,0.8915636557191502,422,52,114,12370,Models\XGBoost_model-20230629_115524.pickle,0.008,2000,10.0,5.0,0.1,0.5,0.8,0.8,0.8,,21.964111652636245,
20230629_121033,XGBoost,0.999998516350457,0.9791607090933996,0.9865720018521376,0.8900862068965517,0.7705223880597015,0.8260000000000001,0.0431723814597982,0.8213597458685262,0.8832083844983744,413,51,123,12371,Models\XGBoost_model-20230629_121033.pickle,0.008,2000,11.0,3.0,0.1,0.5,0.8,0.8,0.8,,21.964111652636245,
20230629_121911,XGBoost,0.999998516350457,0.9796273522902312,0.9868806914647322,0.8943965517241379,0.7742537313432836,0.83,0.043577483927351,0.8255311289261553,0.8851545584747331,415,49,121,12373,Models\XGBoost_model-20230629_121911.pickle,0.008,2000,11.0,3.0,0.1,0.5,0.8,0.8,0.8,,21.964111652636245,
20230629_123352,XGBoost,0.999999347551707,0.9778292665636557,0.9871893810773268,0.9021739130434784,0.7742537313432836,0.8333333333333334,0.0434804067235066,0.829326471101193,0.8853155631438685,415,45,121,12377,Models\XGBoost_model-20230629_123352.pickle,0.009,2000,11.0,3.0,0.1,0.5,0.8,0.8,0.8,,21.964111652636245,
20230629_124036,XGBoost,0.9999995709929032,0.979550154155963,0.9869578638678808,0.896328293736501,0.7742537313432836,0.8308308308308309,0.0433889799981621,0.8264754426528585,0.8851948096420169,415,48,121,12374,Models\XGBoost_model-20230629_124036.pickle,0.009,2000,11.0,3.0,0.1,0.5,0.8,0.8,0.8,,21.964111652636245,
20230629_124720,XGBoost,0.9999998659352822,0.9788317909726846,0.9869578638678808,0.8980477223427332,0.7723880597014925,0.8304914744232699,0.0433466450589566,0.8262808816868098,0.8843022249884052,414,47,122,12375,Models\XGBoost_model-20230629_124720.pickle,0.009,2000,11.0,3.0,0.1,0.5,0.8,0.8,0.8,,21.964111652636245,
20230629_125941,XGBoost,1.0,0.980104058278884,0.987112208674178,0.9019607843137256,0.7723880597014925,0.8321608040201005,0.0429689932608539,0.8281862962451865,0.884382727322973,414,45,122,12377,Models\XGBoost_model-20230629_125941.pickle,0.009,2000,11.0,3.0,0.1,0.7,0.8,0.8,0.8,,21.964111652636245,
20230629_130907,XGBoost,1.0,0.980077023912798,0.9871893810773268,0.9004329004329005,0.7761194029850746,0.8336673346693386,0.0433462551586477,0.8295127939483969,0.8862081477974801,416,46,120,12376,Models\XGBoost_model-20230629_130907.pickle,0.009,2000,11.0,3.0,0.1,0.7,0.8,0.8,0.8,,21.964111652636245,
20230629_131850,XGBoost,1.0,0.9801756993490124,0.987112208674178,0.9002169197396963,0.7742537313432836,0.8324974924774323,0.0431314102761637,0.8283730974541661,0.8852753119765846,415,46,121,12376,Models\XGBoost_model-20230629_131850.pickle,0.009,2000,11.0,3.0,0.1,0.7,0.8,0.8,0.8,,21.964111652636245,
20230629_132842,XGBoost,1.0,0.9806364850998588,0.9872665534804754,0.9041394335511984,0.7742537313432836,0.8341708542713567,0.0428539477038215,0.8302828975006001,0.8853558143111524,415,44,121,12378,Models\XGBoost_model-20230629_132842.pickle,0.009,2000,11.0,3.0,0.1,0.7,0.8,0.8,0.8,,21.964111652636245,
20230629_134219,XGBoost,0.999972936802312,0.9788585249569252,0.9869578638678808,0.8830897703549061,0.789179104477612,0.8334975369458127,0.0481479391651731,0.8281482641375341,0.8923354868709104,423,56,113,12366,Models\XGBoost_model-20230629_134219.pickle,0.009,1000,11.0,3.0,0.1,0.7,0.8,0.8,0.8,,21.964111652636245,
20230629_134731,XGBoost,0.999971515716304,0.979243764673653,0.986726346658435,0.8775933609958506,0.789179104477612,0.831041257367387,0.0485618769190463,0.82541214458158,0.8922147333690588,423,59,113,12363,Models\XGBoost_model-20230629_134731.pickle,0.009,1000,11.0,3.0,0.1,0.7,0.8,0.8,0.8,,21.964111652636245,
20230629_135238,XGBoost,0.9999730798046778,0.979058879647808,0.9868806914647322,0.8828451882845189,0.7873134328358209,0.8323471400394477,0.0480834881250675,0.8270098360762699,0.8914026510500148,422,56,114,12366,Models\XGBoost_model-20230629_135238.pickle,0.009,1000,11.0,3.0,0.1,0.7,0.8,0.8,0.8,,21.964111652636245,
20230629_135739,XGBoost,0.9999759487896374,0.9792877706140048,0.9869578638678808,0.8863157894736842,0.7854477611940298,0.8328387734915924,0.0479982389530448,0.8277112502542397,0.890550317563687,421,54,115,12368,Models\XGBoost_model-20230629_135739.pickle,0.009,1000,11.0,3.0,0.1,0.7,0.8,0.8,0.8,,21.964111652636245,
20230629_140246,XGBoost,0.9999718464092744,0.9785943391238944,0.9864176570458404,0.8734439834024896,0.7854477611940298,0.8271119842829077,0.0483200083164464,0.8213164401143958,0.8902685593927,421,61,115,12361,Models\XGBoost_model-20230629_140246.pickle,0.009,1000,11.0,3.0,0.1,0.7,0.8,0.8,0.8,,21.964111652636245,
20230629_141950,XGBoost,0.9999988470434276,0.9802607074112611,0.9869578638678808,0.8912579957356077,0.7798507462686567,0.8318407960199005,0.0429740779736623,0.8270789341582366,0.8878725636028519,418,51,118,12371,Models\XGBoost_model-20230629_141950.pickle,0.01,1500,14.0,5.0,0.1,0.7,0.8,1.0,1.0,,21.964111652636245,
20230629_142704,XGBoost,0.9999991151728628,0.9805092733883314,0.9874208982867726,0.8976545842217484,0.7854477611940298,0.8378109452736319,0.0430711316452481,0.8333038117949857,0.89079182456739,421,48,115,12374,Models\XGBoost_model-20230629_142704.pickle,0.01,1500,14.0,5.0,0.1,0.7,0.8,1.0,1.0,,21.964111652636245,
20230629_143914,XGBoost,0.999945659101076,0.9790282406995776,0.9865720018521376,0.8709016393442623,0.792910447761194,0.830078125,0.0476434695468018,0.8240857138002526,0.8939194003417144,425,63,111,12359,Models\XGBoost_model-20230629_143914.pickle,0.005,1500,14.0,5.0,0.1,0.7,0.8,1.0,1.0,,21.964111652636245,
20230629_145441,XGBoost,0.9999988559810752,0.9805956331688842,0.9872665534804754,0.8938428874734607,0.7854477611940298,0.8361469712015889,0.0426995790148924,0.831427988524298,0.8907113222328223,421,50,115,12372,Models\XGBoost_model-20230629_145441.pickle,0.01,1500,14.0,5.0,0.1,0.7,0.8,1.0,1.0,,21.964111652636245,
20230629_150250,XGBoost,0.9999990347340324,0.9804182576891745,0.9874980706899212,0.8978723404255319,0.7873134328358209,0.8389662027833001,0.0432153451971896,0.8344372664246634,0.8917246603882856,422,48,114,12374,Models\XGBoost_model-20230629_150250.pickle,0.01,1500,14.0,5.0,0.1,0.7,0.8,1.0,1.0,,21.964111652636245,
20230629_151110,XGBoost,0.999998990045793,0.9802775287946038,0.987343725883624,0.8940677966101694,0.7873134328358209,0.8373015873015873,0.0433178951545019,0.8325630664752209,0.8916441580537179,422,50,114,12372,Models\XGBoost_model-20230629_151110.pickle,0.01,1500,14.0,5.0,0.1,0.7,0.8,1.0,1.0,,21.964111652636245,
20230629_151933,XGBoost,0.9999996693070295,0.9806492513282884,0.9874208982867726,0.8993576017130621,0.7835820895522388,0.8374875373878364,0.0426918622556246,0.8331122053413696,0.8898992399137784,420,47,116,12375,Models\XGBoost_model-20230629_151933.pickle,0.01,1500,14.0,5.0,0.1,0.7,0.8,1.0,1.0,,21.964111652636245,
20230629_152805,XGBoost,0.9999985521010484,0.979864053184408,0.9876524154962184,0.9034334763948498,0.7854477611940298,0.8403193612774451,0.0430072545349078,0.8361397137871689,0.8909125780692416,421,45,115,12377,Models\XGBoost_model-20230629_152805.pickle,0.01,1500,14.0,5.0,0.1,0.7,0.8,1.0,1.0,,21.964111652636245,
20230629_153648,XGBoost,0.9999990972975672,0.9808392428455052,0.987343725883624,0.8974358974358975,0.7835820895522388,0.8366533864541833,0.0426912828179595,0.8321690494042151,0.8898589887464945,420,48,116,12374,Models\XGBoost_model-20230629_153648.pickle,0.01,1500,14.0,5.0,0.1,0.7,0.8,1.0,1.0,,21.964111652636245,
20230629_154533,XGBoost,0.9999993833022984,0.9800764982445686,0.987343725883624,0.8957446808510638,0.7854477611940298,0.8369781312127236,0.0430495501713265,0.8323644328031985,0.8907515734001061,421,49,115,12373,Models\XGBoost_model-20230629_154533.pickle,0.01,1500,14.0,5.0,0.1,0.7,0.8,1.0,1.0,,21.964111652636245,
20230629_155421,XGBoost,0.9999992492375808,0.9805773098763148,0.9876524154962184,0.9017094017094016,0.7873134328358209,0.8406374501992031,0.042722915499103,0.8363232328259927,0.8918051627228533,422,46,114,12376,Models\XGBoost_model-20230629_155421.pickle,0.01,1500,14.0,5.0,0.1,0.7,0.8,1.0,1.0,,21.964111652636245,
20230629_160134,XGBoost,0.9999995441799596,0.9810403484910016,0.987343725883624,0.8974358974358975,0.7835820895522388,0.8366533864541833,0.0426275772761839,0.8321690494042151,0.8898589887464945,420,48,116,12374,Models\XGBoost_model-20230629_160134.pickle,0.01,1500,14.0,5.0,0.1,0.7,0.8,1.0,1.0,,21.964111652636245,
20230629_161609,XGBoost,0.9999992492375808,0.9810380956271612,0.987343725883624,0.8940677966101694,0.7873134328358209,0.8373015873015873,0.0427308795354457,0.8325630664752209,0.8916441580537179,422,50,114,12372,Models\XGBoost_model-20230629_161609.pickle,0.01,1500,14.0,5.0,0.1,0.7,0.8,1.0,1.0,,21.964111652636245,
20230629_162901,XGBoost,0.9999996156811424,0.9810658809478608,0.987112208674178,0.89171974522293,0.7835820895522388,0.8341608738828203,0.0429006782786125,0.8293572736225193,0.889738235244643,420,51,116,12371,Models\XGBoost_model-20230629_162901.pickle,0.01,1500,20.0,5.0,0.1,0.7,0.8,1.0,1.0,,21.964111652636245,
20230629_163627,XGBoost,0.9999998569976344,0.9809018724602714,0.9876524154962184,0.9034334763948498,0.7854477611940298,0.8403193612774451,0.0430621036464797,0.8361397137871689,0.8909125780692416,421,45,115,12377,Models\XGBoost_model-20230629_163627.pickle,0.01,1500,20.0,5.0,0.1,0.7,0.8,1.0,1.0,,21.964111652636245,
20230629_164504,XGBoost,0.9999997854964516,0.9812744961394924,0.9874208982867726,0.8959660297239915,0.7873134328358209,0.8381330685203575,0.0431039236662565,0.8334987034260766,0.8916844092210017,422,49,114,12373,Models\XGBoost_model-20230629_164504.pickle,0.01,1500,20.0,5.0,0.1,0.7,0.8,1.0,1.0,,21.964111652636245,
20230629_165412,XGBoost,0.999999892748226,0.9805975856508796,0.9874980706899212,0.9012875536480688,0.7835820895522388,0.8383233532934131,0.0429392756197233,0.8340583362070333,0.8899394910810623,420,46,116,12376,Models\XGBoost_model-20230629_165412.pickle,0.01,1500,20.0,5.0,0.1,0.7,0.8,1.0,1.0,,21.964111652636245,
20230629_170320,XGBoost,0.999999535242312,0.9805007125057372,0.98757524309307,0.9014989293361884,0.7854477611940298,0.839481555333998,0.0432211300182526,0.8351914364957838,0.8908723269019577,421,46,115,12376,Models\XGBoost_model-20230629_170320.pickle,0.01,1500,20.0,5.0,0.1,0.7,0.8,1.0,1.0,,21.964111652636245,
20230629_171226,XGBoost,0.9999993743646504,0.9808377409362782,0.98757524309307,0.9014989293361884,0.7854477611940298,0.839481555333998,0.0430122463725478,0.8351914364957838,0.8908723269019577,421,46,115,12376,Models\XGBoost_model-20230629_171226.pickle,0.01,1500,20.0,5.0,0.1,0.7,0.8,1.0,1.0,,21.964111652636245,
20230629_172953,XGBoost,1.0,0.9810576204471124,0.9876524154962184,0.9069264069264068,0.7817164179104478,0.8396793587174348,0.0430734554421624,0.8357828955316198,0.8891274087620182,419,43,117,12379,Models\XGBoost_model-20230629_172953.pickle,0.01,1500,20.0,3.0,0.1,0.7,0.8,1.0,1.0,,21.964111652636245,
20230629_173921,XGBoost,1.0,0.9810338902813256,0.9874980706899212,0.9030172413793104,0.7817164179104478,0.838,0.0437403070224956,0.8338738950414136,0.8890469064274507,419,45,117,12377,Models\XGBoost_model-20230629_173921.pickle,0.01,1500,20.0,3.0,0.1,0.7,0.8,1.0,1.0,,21.964111652636245,
20230629_175419,XGBoost,0.9999997408082124,0.9798195966712886,0.9878067603025158,0.921875,0.7705223880597015,0.8394308943089431,0.0422305438303151,0.8367674059143745,0.883852403174916,413,35,123,12387,Models\XGBoost_model-20230629_175419.pickle,0.01,1500,20.0,3.0,0.1,0.5,0.6,0.8,0.8,,21.964111652636245,
20230629_180530,XGBoost,0.9999991956116936,0.980477733294564,0.9872665534804754,0.9168539325842696,0.7611940298507462,0.8318042813455657,0.0425399032530262,0.8291059951865466,0.8791077217358707,408,37,128,12385,Models\XGBoost_model-20230629_180530.pickle,0.008,1500,20.0,3.0,0.15,0.5,0.6,0.5,0.5,,21.964111652636245,
20230629_181240,XGBoost,0.9999989542952016,0.9796745122399596,0.98757524309307,0.9175946547884188,0.7686567164179104,0.8365482233502538,0.0429611713388384,0.8336618602328484,0.8828390650194528,412,37,124,12385,Models\XGBoost_model-20230629_181240.pickle,0.008,1500,20.0,3.0,0.15,0.5,0.6,0.5,0.5,,21.964111652636245,
20230629_181952,XGBoost,0.9999991151728628,0.9798057791064,0.9874208982867726,0.9135254988913526,0.7686567164179104,0.8348530901722392,0.0427865539104109,0.8317029122230103,0.8827585626848851,412,39,124,12383,Models\XGBoost_model-20230629_181952.pickle,0.008,1500,20.0,3.0,0.15,0.5,0.6,0.5,0.5,,21.964111652636245,
20230629_182705,XGBoost,0.9999983644104437,0.9797818987496903,0.98757524309307,0.9213483146067416,0.7649253731343284,0.835881753312946,0.0428304512071709,0.8333622643653614,0.8810538957122294,410,35,126,12387,Models\XGBoost_model-20230629_182705.pickle,0.008,1500,20.0,3.0,0.15,0.5,0.6,0.5,0.5,,21.964111652636245,
20230629_183414,XGBoost,0.9999979979668816,0.9800019284514476,0.9878839327056644,0.9239373601789708,0.7705223880597015,0.8402848423194302,0.0426177809119514,0.8377572240295497,0.8838926543421999,413,34,123,12388,Models\XGBoost_model-20230629_183414.pickle,0.008,1500,20.0,3.0,0.15,0.5,0.6,0.5,0.5,,21.964111652636245,
20230629_184120,XGBoost,0.999998578913992,0.9806151579888356,0.9874208982867726,0.9135254988913526,0.7686567164179104,0.8348530901722392,0.0427446943733538,0.8317029122230103,0.8827585626848851,412,39,124,12383,Models\XGBoost_model-20230629_184120.pickle,0.008,1500,20.0,3.0,0.15,0.5,0.6,0.5,0.5,,21.964111652636245,
20230629_184825,XGBoost,0.9999990883599192,0.9795845478772616,0.9876524154962184,0.92152466367713,0.7667910447761194,0.8370672097759674,0.0424156708673773,0.8344986405566724,0.8819867315331249,411,35,125,12387,Models\XGBoost_model-20230629_184825.pickle,0.008,1500,20.0,3.0,0.15,0.5,0.6,0.5,0.5,,21.964111652636245,
20230629_185528,XGBoost,0.99999846272457,0.9803066658336076,0.9874980706899212,0.9174107142857144,0.7667910447761194,0.8353658536585366,0.0424191139094141,0.8325249029726547,0.8819062291985572,411,37,125,12385,Models\XGBoost_model-20230629_185528.pickle,0.008,1500,20.0,3.0,0.15,0.5,0.6,0.5,0.5,,21.964111652636245,
20230629_191728,XGBoost,0.9999247807556996,0.9802106938340016,0.9876524154962184,0.9585365853658536,0.7332089552238806,0.8308668076109936,0.0436623228195235,0.8325596585603608,0.8659202077681148,393,17,143,12405,Models\XGBoost_model-20230629_191728.pickle,0.008,1800,14.0,3.0,0.1,0.5,1.0,1.0,1.0,,1.0,
20230629_192500,XGBoost,0.9999244947509685,0.9799477095283524,0.9877295878993672,0.9564164648910412,0.7369402985074627,0.8324552160168599,0.0441258068813815,0.833768172699569,0.867745628242622,395,18,141,12404,Models\XGBoost_model-20230629_192500.pickle,0.008,1800,14.0,3.0,0.1,0.5,1.0,1.0,1.0,,1.0,
20230629_193245,XGBoost,0.9999263359064254,0.9804098469975032,0.9876524154962184,0.9607843137254902,0.7313432835820896,0.8305084745762712,0.0438160720051334,0.8324955851002127,0.8650276231145031,392,16,144,12406,Models\XGBoost_model-20230629_193245.pickle,0.008,1800,14.0,3.0,0.1,0.5,1.0,1.0,1.0,,1.0,
20230629_194009,XGBoost,0.999921804518966,0.9801377010455692,0.9876524154962184,0.9607843137254902,0.7313432835820896,0.8305084745762712,0.0438094338310691,0.8324955851002127,0.8650276231145031,392,16,144,12406,Models\XGBoost_model-20230629_194009.pickle,0.008,1800,14.0,3.0,0.1,0.5,1.0,1.0,1.0,,1.0,
20230629_195356,XGBoost,0.99998362622914,0.980881596685707,0.9876524154962184,0.9563106796116504,0.7350746268656716,0.8312236286919832,0.0442908959925181,0.8326286997220274,0.8668127924217265,394,18,142,12404,Models\XGBoost_model-20230629_195356.pickle,0.008,1800,14.0,2.0,0.1,0.5,1.0,1.0,1.0,,1.0,
20230629_200324,XGBoost,0.9999836083538444,0.980363738384234,0.9874208982867726,0.9559902200488998,0.7294776119402985,0.8275132275132274,0.0445397760601943,0.8292020483557685,0.86401428495904,391,18,145,12404,Models\XGBoost_model-20230629_200324.pickle,0.008,1800,14.0,2.0,0.1,0.5,1.0,1.0,1.0,,1.0,
20230630_103626,XGBoost,1.0,0.9801057103790338,0.9871893810773268,0.8952991452991453,0.7817164179104478,0.8346613545816733,0.044061003668578,0.8300919576933262,0.8888859017583152,419,49,117,12373,Models\XGBoost_model-20230630_103626.pickle,0.008,1800,14.0,3.0,0.1,0.7,1.0,1.0,1.0,,21.964111652636245,
20230630_104900,XGBoost,1.0,0.9801057103790338,0.9871893810773268,0.8952991452991453,0.7817164179104478,0.8346613545816733,0.044061003668578,0.8300919576933262,0.8888859017583152,419,49,117,12373,Models\XGBoost_model-20230630_104900.pickle,0.008,1800,14.0,3.0,0.1,0.7,1.0,1.0,1.0,,21.964111652636245,
20230630_111056,XGBoost,1.0,0.9807635466204638,0.987112208674178,0.9002169197396963,0.7742537313432836,0.8324974924774323,0.043569052333106,0.8283730974541661,0.8852753119765846,415,46,121,12376,Models\XGBoost_model-20230630_111056.pickle,0.008,1800,14.0,3.0,0.1,0.7,0.8,0.8,0.8,,21.964111652636245,
20230630_111855,XGBoost,1.0,0.9807635466204638,0.987112208674178,0.9002169197396963,0.7742537313432836,0.8324974924774323,0.043569052333106,0.8283730974541661,0.8852753119765846,415,46,121,12376,Models\XGBoost_model-20230630_111855.pickle,0.008,1800,14.0,3.0,0.1,0.7,0.8,0.8,0.8,,21.964111652636245,
20230630_112612,XGBoost,1.0,0.9807635466204638,0.987112208674178,0.9002169197396963,0.7742537313432836,0.8324974924774323,0.043569052333106,0.8283730974541661,0.8852753119765846,415,46,121,12376,Models\XGBoost_model-20230630_112612.pickle,0.008,1800,14.0,3.0,0.1,0.7,0.8,0.8,0.8,,21.964111652636245,
20230630_113337,XGBoost,1.0,0.9807635466204638,0.987112208674178,0.9002169197396963,0.7742537313432836,0.8324974924774323,0.043569052333106,0.8283730974541661,0.8852753119765846,415,46,121,12376,Models\XGBoost_model-20230630_113337.pickle,0.008,1800,14.0,3.0,0.1,0.7,0.8,0.8,0.8,,21.964111652636245,
20230630_114100,XGBoost,1.0,0.9807635466204638,0.987112208674178,0.9002169197396963,0.7742537313432836,0.8324974924774323,0.043569052333106,0.8283730974541661,0.8852753119765846,415,46,121,12376,Models\XGBoost_model-20230630_114100.pickle,0.008,1800,14.0,3.0,0.1,0.7,0.8,0.8,0.8,,21.964111652636245,
20230630_114817,XGBoost,1.0,0.9807635466204638,0.987112208674178,0.9002169197396963,0.7742537313432836,0.8324974924774323,0.043569052333106,0.8283730974541661,0.8852753119765846,415,46,121,12376,Models\XGBoost_model-20230630_114817.pickle,0.008,1800,14.0,3.0,0.1,0.7,0.8,0.8,0.8,,21.964111652636245,
20230630_115724,XGBoost,1.0,0.9807847235405648,0.98757524309307,0.9102844638949672,0.7761194029850746,0.837865055387714,0.0442033015217116,0.8343059909825118,0.8864094036338994,416,41,120,12381,Models\XGBoost_model-20230630_115724.pickle,0.012,1800,14.0,3.0,0.1,0.7,0.8,0.8,0.8,,21.964111652636245,
20230630_120422,XGBoost,1.0,0.9807847235405648,0.98757524309307,0.9102844638949672,0.7761194029850746,0.837865055387714,0.0442033015217116,0.8343059909825118,0.8864094036338994,416,41,120,12381,Models\XGBoost_model-20230630_120422.pickle,0.012,1800,14.0,3.0,0.1,0.7,0.8,0.8,0.8,,21.964111652636245,
20230630_121156,XGBoost,1.0,0.9807847235405648,0.98757524309307,0.9102844638949672,0.7761194029850746,0.837865055387714,0.0442033015217116,0.8343059909825118,0.8864094036338994,416,41,120,12381,Models\XGBoost_model-20230630_121156.pickle,0.012,1800,14.0,3.0,0.1,0.7,0.8,0.8,0.8,,21.964111652636245,
20230630_121907,XGBoost,1.0,0.9807847235405648,0.98757524309307,0.9102844638949672,0.7761194029850746,0.837865055387714,0.0442033015217116,0.8343059909825118,0.8864094036338994,416,41,120,12381,Models\XGBoost_model-20230630_121907.pickle,0.012,1800,14.0,3.0,0.1,0.7,0.8,0.8,0.8,,21.964111652636245,
20230630_122604,XGBoost,1.0,0.9807847235405648,0.98757524309307,0.9102844638949672,0.7761194029850746,0.837865055387714,0.0442033015217116,0.8343059909825118,0.8864094036338994,416,41,120,12381,Models\XGBoost_model-20230630_122604.pickle,0.012,1800,14.0,3.0,0.1,0.7,0.8,0.8,0.8,,21.964111652636245,
20230630_123303,XGBoost,1.0,0.9807847235405648,0.98757524309307,0.9102844638949672,0.7761194029850746,0.837865055387714,0.0442033015217116,0.8343059909825118,0.8864094036338994,416,41,120,12381,Models\XGBoost_model-20230630_123303.pickle,0.012,1800,14.0,3.0,0.1,0.7,0.8,0.8,0.8,,21.964111652636245,
20230630_133840,XGBoost,0.9999993050382452,0.9705446844132072,0.9872665534804754,0.958139534883721,0.7370304114490162,0.8331648129423661,0.4589599327986057,0.8343596011560617,0.867789340735396,412,18,147,12381,Models\XGBoost_model-20230630_133840.pickle,,100,,,,,,,,,,
20230630_134536,XGBoost,0.9999991654721992,0.9751962335322903,0.9860317950300972,0.9443254817987152,0.7399328859060402,0.8297271872060207,0.503465138403319,0.8292138899104889,0.8689148331811385,441,26,155,12336,Models\XGBoost_model-20230630_134536.pickle,,100,,,,,,,,,,
20230630_134618,XGBoost,0.9999929268111086,0.9799746498501748,0.9868806914647322,0.9389978213507624,0.7521815008726004,0.8352713178294573,0.4728678095500786,0.8340588253594806,0.8749603507592716,431,28,142,12357,Models\XGBoost_model-20230630_134618.pickle,,100,,,,,,,,,,
20230630_134825,XGBoost,0.9999905322380817,0.967030928335894,0.987343725883624,0.9357142857142856,0.7415094339622641,0.8273684210526315,0.4561783574483111,0.8268794014142821,0.8696684601417372,393,27,137,12401,Models\XGBoost_model-20230630_134825.pickle,,100,,,,,,,,,,
20230630_135222,XGBoost,0.9999983133013344,0.9733654492146072,0.987343725883624,0.950354609929078,0.7376146788990826,0.8305785123966942,0.4561783574483111,0.8312594503204188,0.8679614520734034,402,21,143,12392,Models\XGBoost_model-20230630_135222.pickle,,100,,,,,,,,,,
20230630_135348,XGBoost,0.9999957412122432,0.9783875637662472,0.98757524309307,0.95,0.7689713322091062,0.8499534016775395,0.4478336313974274,0.8486797845335621,0.8835151849076263,456,24,137,12341,Models\XGBoost_model-20230630_135348.pickle,,100,,,,,,,,,,
20230630_135456,XGBoost,0.9999972807304291,0.9706576827536078,0.9868806914647322,0.9503386004514672,0.7398945518453427,0.8320158102766798,0.4728678095500786,0.8323063855645969,0.8690593915090786,421,22,148,12367,Models\XGBoost_model-20230630_135456.pickle,,100,,,,,,,,,,
20230630_135816,XGBoost,0.9999990151927204,0.9750896249768852,0.9878067603025158,0.9321266968325792,0.762962962962963,0.8391038696537678,0.4394889053465436,0.8373459401781288,0.8802735575001641,412,30,128,12388,Models\XGBoost_model-20230630_135816.pickle,,100,,,,,,,,,,
20230630_135853,XGBoost,0.999998011109532,0.9749417199079156,0.9869578638678808,0.9414634146341464,0.7269303201506592,0.8204038257173221,0.470086234199784,0.8210860217671714,0.8624995207416207,386,24,145,12403,Models\XGBoost_model-20230630_135853.pickle,,100,,,,,,,,,,
20230630_140152,XGBoost,0.9999983564339734,0.9717496239995852,0.9861861398363944,0.9357601713062098,0.7457337883959044,0.8300094966761633,0.4979019877027298,0.8286689877416159,0.8716544790670113,437,30,149,12342,Models\XGBoost_model-20230630_140152.pickle,,100,,,,,,,,,,
20230630_140253,XGBoost,0.9999919317333616,0.9799483840352988,0.987343725883624,0.9367945823927766,0.7531760435571688,0.8350100603621731,0.4561783574483111,0.833844637109517,0.8754596265178445,415,28,136,12379,Models\XGBoost_model-20230630_140253.pickle,,100,,,,,,,,,,
20230630_140336,XGBoost,0.9999880904831472,0.9648762063170296,0.9851057261923136,0.9493087557603688,0.7066895368782161,0.8102261553588987,0.5368440426068538,0.8121294179733622,0.8524558795502192,412,22,171,12353,Models\XGBoost_model-20230630_140336.pickle,,100,,,,,,,,,,
20230630_140424,XGBoost,0.9999987954917412,0.9733099790668456,0.9854144158049082,0.9295454545454546,0.7213403880070547,0.8123138033763655,0.5257177412056756,0.8118621021832112,0.8594192860864908,409,31,158,12360,Models\XGBoost_model-20230630_140424.pickle,,100,,,,,,,,,,
20230630_140453,XGBoost,0.9999984837655612,0.9769735339615097,0.9877295878993672,0.9447004608294932,0.7522935779816514,0.8375893769152196,0.4422704806968382,0.8371243590735884,0.8751800605609539,410,24,135,12389,Models\XGBoost_model-20230630_140453.pickle,,100,,,,,,,,,,
20230630_140829,XGBoost,0.9999975761075032,0.9774439778981296,0.986494829448989,0.9443254817987152,0.747457627118644,0.8344370860927153,0.4867756863015515,0.8336468588737308,0.8726777139474203,441,26,149,12342,Models\XGBoost_model-20230630_140829.pickle,,100,,,,,,,,,,
20230630_140913,XGBoost,0.9999983719551152,0.9702505332962176,0.9883469671245564,0.9329004329004328,0.7822141560798548,0.8509378084896347,0.4200178778944816,0.8484747044573333,0.8898577832869654,431,31,120,12376,Models\XGBoost_model-20230630_140913.pickle,,100,,,,,,,,,,
20230630_141049,XGBoost,0.9999984946550712,0.9698976383288316,0.9878839327056644,0.9365079365079364,0.7619926199261993,0.8402848423194303,0.436707329996249,0.8388505968568871,0.879868732643512,413,28,129,12388,Models\XGBoost_model-20230630_141049.pickle,,100,,,,,,,,,,
20230630_141147,XGBoost,0.9999960759898132,0.9726377953625792,0.9882697947214076,0.9540229885057472,0.7586837294332724,0.845213849287169,0.4227994532447762,0.8451534393916088,0.8785361278702902,415,20,132,12391,Models\XGBoost_model-20230630_141147.pickle,,100,,,,,,,,,,
20230630_162200,XGBoost,0.9999991060956231,0.973206363929666,0.9862633122395432,0.9321266968325792,0.7357142857142858,0.8223552894211577,0.4951204123524352,0.8214939498178853,0.8666472702970525,412,30,148,12368,Models\XGBoost_model-20230630_162200.pickle,,100,,,,,,,,,,
20230630_162501,XGBoost,0.9999990684965304,0.9738806024726148,0.9858774502238,0.9493670886075948,0.7389162561576355,0.8310249307479225,0.5090282891039082,0.830825729810322,0.8684863894765018,450,24,159,12325,Models\XGBoost_model-20230630_162501.pickle,,100,,,,,,,,,,
20230630_162548,XGBoost,0.9999937771699906,0.9701740260959032,0.9858774502238,0.9242761692650334,0.7358156028368794,0.8193484698914116,0.5090282891039081,0.8178198816857812,0.8665361699838746,415,34,149,12360,Models\XGBoost_model-20230630_162548.pickle,,100,,,,,,,,,,
